file_name,average_x_data,std_x_data
100,1.3608847748636173,0.7457148040498193
150,1.3908223361996646,0.9085716358297137
200,1.3832698445465943,1.0472871336425404
250,1.4117227859538783,1.1035262743039593
300,1.3992884132075472,1.2502134563184792
350,1.3835406589098533,1.282239202706076
400,1.5231354725366877,1.4181789882048026
450,1.3830280954879328,1.4856171364758437
500,1.4088829340037712,1.5598427889700408
50,1.4031806136411331,0.561125929452301
5,1.4005386742869126,0.31003599767202666
